id;nom;adresse;telephone;email;matricule_fiscale
1;reciprocal payment;Kuwait;76676;Brigitte8@hotmail.com;multi-byte parse
2;compressing paradigm;Functionality envisioneer;86760;Zachary.Howe@hotmail.com;Integration Grocery
3;capacitor Handcrafted Rubber Car;iterate;82813;Pablo60@hotmail.com;compressing content quantify
4;virtual;parsing Ergonomic quantify;37124;Taya.Runolfsdottir@gmail.com;Cambridgeshire Concrete
5;Cotton;Handcrafted Metal Bacon Savings Account Mouse;36390;Nettie.Koss@yahoo.com;online
6;Handmade;Handcrafted Plastic Salad Idaho;47704;Margarete.Shields22@hotmail.com;Refined Plastic Table
7;encoding haptic;Grocery;92735;Tina24@yahoo.com;payment
8;Borders;Forward overriding Product;62983;Bridie10@yahoo.com;magenta
9;Solutions;dynamic;17258;Anya35@gmail.com;distributed sexy Gorgeous
10;National Nicaragua Cambridgeshire;Cotton;86717;Evie_Schulist57@hotmail.com;Licensed invoice Supervisor
